DateTime	ResolutionCode	AreaCode	AreaTypeCode	AreaName	MapCode	ProductionType	ActualGenerationOutput	ActualConsumption	UpdateTime
2022-01-01 01:00:00.000	PT15M	10YRO-TEL------P	CTY	RO CTY	RO	Biomass	58.0		2022-01-01 02:31:24
2022-01-01 01:00:00.000	PT15M	10YRO-TEL------P	CTY	RO CTY	RO	Fossil Brown coal/Lignite	1012.0		2022-01-01 02:31:25
2022-01-01 01:00:00.000	PT15M	10YRO-TEL------P	CTY	RO CTY	RO	Fossil Hard coal	47.0		2022-01-01 02:31:25
2022-01-01 01:00:00.000	PT15M	10YRO-TEL------P	CTY	RO CTY	RO	Fossil Gas	1256.0		2022-01-01 02:31:25
2022-01-01 01:00:00.000	PT15M	10YRO-TEL------P	CTY	RO CTY	RO	Wind Onshore	803.0		2022-01-01 02:31:26
2022-01-01 01:00:00.000	PT15M	10YRO-TEL------P	CTY	RO CTY	RO	Solar	0.0		2022-01-01 02:31:26
2022-01-01 01:00:00.000	PT15M	10YRO-TEL------P	CTY	RO CTY	RO	Nuclear	1422.0		2022-01-01 02:31:26
2022-01-01 01:00:00.000	PT15M	10YRO-TEL------P	CTY	RO CTY	RO	Hydro Run-of-river and poundage	1474.0		2022-01-01 02:31:26
2022-01-01 01:00:00.000	PT15M	10YRO-TEL------P	CTY	RO CTY	RO	Hydro Water Reservoir	215.0		2022-01-01 02:31:27
2022-01-01 01:00:00.000	PT15M	10YHU-MAVIR----U	CTY	HU CTY	HU	Solar	0.0		2022-01-02 08:49:32
2022-01-01 01:00:00.000	PT15M	10YHU-MAVIR----U	CTY	HU CTY	HU	Wind Onshore	201.44		2022-01-02 08:21:33
2022-01-01 01:00:00.000	PT15M	10YHU-MAVIR----U	CTY	HU CTY	HU	Fossil Brown coal/Lignite	316.75		2022-01-01 02:32:02
2022-01-01 01:00:00.000	PT15M	10YHU-MAVIR----U	CTY	HU CTY	HU	Hydro Run-of-river and poundage	10.67		2022-01-01 02:32:05
2022-01-01 01:00:00.000	PT15M	10YHU-MAVIR----U	CTY	HU CTY	HU	Biomass	129.85		2022-01-01 02:32:05
2022-01-01 01:00:00.000	PT15M	10YHU-MAVIR----U	CTY	HU CTY	HU	Geothermal	0.36		2022-01-01 02:32:08
2022-01-01 01:00:00.000	PT15M	10YHU-MAVIR----U	CTY	HU CTY	HU	Other renewable	6.96		2022-01-01 02:32:09
2022-01-01 01:00:00.000	PT15M	10YHU-MAVIR----U	CTY	HU CTY	HU	Waste	14.14		2022-01-01 02:32:10
2022-01-01 01:00:00.000	PT15M	10YHU-MAVIR----U	CTY	HU CTY	HU	Nuclear	1949.35		2022-01-01 02:32:11
2022-01-01 01:00:00.000	PT15M	10YHU-MAVIR----U	CTY	HU CTY	HU	Hydro Water Reservoir	8.69		2022-01-01 02:32:12
2022-01-01 01:00:00.000	PT15M	10YHU-MAVIR----U	CTY	HU CTY	HU	Fossil Oil		0.26	2022-01-01 02:32:13
2022-01-01 01:00:00.000	PT15M	10YHU-MAVIR----U	CTY	HU CTY	HU	Fossil Hard coal	0.0		2022-01-01 02:32:14
2022-01-01 01:00:00.000	PT15M	10YHU-MAVIR----U	CTY	HU CTY	HU	Fossil Gas	542.92		2022-01-01 02:32:15
2022-01-01 01:00:00.000	PT15M	10YHU-MAVIR----U	CTY	HU CTY	HU	Other	67.87		2022-01-01 02:32:16
2022-01-01 01:00:00.000	PT15M	10Y1001A1001A83F	CTY	DE CTY	DE	Wind Offshore	5699.64		2022-01-01 02:46:35
2022-01-01 01:15:00.000	PT15M	10YHU-MAVIR----U	CTY	HU CTY	HU	Solar	0.0		2022-01-02 08:49:32
2022-01-01 01:15:00.000	PT15M	10YHU-MAVIR----U	CTY	HU CTY	HU	Wind Onshore	201.64		2022-01-02 08:21:33
2022-01-01 01:15:00.000	PT15M	10YRO-TEL------P	CTY	RO CTY	RO	Nuclear	1422.0		2022-01-01 02:49:06
2022-01-01 01:15:00.000	PT15M	10YRO-TEL------P	CTY	RO CTY	RO	Fossil Hard coal	47.0		2022-01-01 02:49:06
2022-01-01 01:15:00.000	PT15M	10YRO-TEL------P	CTY	RO CTY	RO	Wind Onshore	720.0		2022-01-01 02:49:07
2022-01-01 01:15:00.000	PT15M	10YRO-TEL------P	CTY	RO CTY	RO	Fossil Gas	1261.0		2022-01-01 02:49:08
2022-01-01 01:15:00.000	PT15M	10YRO-TEL------P	CTY	RO CTY	RO	Hydro Run-of-river and poundage	1492.0		2022-01-01 02:49:08
2022-01-01 01:15:00.000	PT15M	10YRO-TEL------P	CTY	RO CTY	RO	Biomass	57.0		2022-01-01 02:49:08
2022-01-01 01:15:00.000	PT15M	10YRO-TEL------P	CTY	RO CTY	RO	Solar	0.0		2022-01-01 02:49:09
2022-01-01 01:15:00.000	PT15M	10YRO-TEL------P	CTY	RO CTY	RO	Fossil Brown coal/Lignite	1022.0		2022-01-01 02:49:09
2022-01-01 01:15:00.000	PT15M	10YRO-TEL------P	CTY	RO CTY	RO	Hydro Water Reservoir	219.0		2022-01-01 02:49:09
2022-01-01 01:15:00.000	PT15M	10YHU-MAVIR----U	CTY	HU CTY	HU	Other	67.87		2022-01-01 02:49:29
2022-01-01 01:15:00.000	PT15M	10YHU-MAVIR----U	CTY	HU CTY	HU	Nuclear	1948.1		2022-01-01 02:49:29
2022-01-01 01:15:00.000	PT15M	10YHU-MAVIR----U	CTY	HU CTY	HU	Fossil Brown coal/Lignite	318.54		2022-01-01 02:49:31
2022-01-01 01:15:00.000	PT15M	10YHU-MAVIR----U	CTY	HU CTY	HU	Hydro Water Reservoir	8.69		2022-01-01 02:49:31
2022-01-01 01:15:00.000	PT15M	10YHU-MAVIR----U	CTY	HU CTY	HU	Waste	14.65		2022-01-01 02:49:35
2022-01-01 01:15:00.000	PT15M	10YHU-MAVIR----U	CTY	HU CTY	HU	Other renewable	7.03		2022-01-01 02:49:38
2022-01-01 01:15:00.000	PT15M	10YHU-MAVIR----U	CTY	HU CTY	HU	Fossil Oil		0.26	2022-01-01 02:49:38
2022-01-01 01:15:00.000	PT15M	10YHU-MAVIR----U	CTY	HU CTY	HU	Biomass	129.61		2022-01-01 02:49:40
2022-01-01 01:15:00.000	PT15M	10YHU-MAVIR----U	CTY	HU CTY	HU	Geothermal	0.36		2022-01-01 02:49:41
2022-01-01 01:15:00.000	PT15M	10YHU-MAVIR----U	CTY	HU CTY	HU	Hydro Run-of-river and poundage	10.67		2022-01-01 02:49:41
2022-01-01 01:15:00.000	PT15M	10YHU-MAVIR----U	CTY	HU CTY	HU	Fossil Gas	551.33		2022-01-01 02:49:42
2022-01-01 01:15:00.000	PT15M	10YHU-MAVIR----U	CTY	HU CTY	HU	Fossil Hard coal	0.0		2022-01-01 02:49:43
2022-01-01 01:00:00.000	PT30M	10YCY-1001A0003J	CTY	CY CTY	CY	Fossil Oil	366.91		2022-01-01 02:49:43
2022-01-01 01:00:00.000	PT30M	10YCY-1001A0003J	CTY	CY CTY	CY	Wind Onshore	43.83		2022-01-01 02:49:43
2022-01-01 01:00:00.000	PT15M	10YNL----------L	CTY	NL CTY	NL	Other	1287.27	1186.27	2022-01-29 03:02:11
2022-01-01 01:15:00.000	PT15M	10Y1001A1001A83F	CTY	DE CTY	DE	Wind Offshore	5752.32		2022-01-01 02:52:22
2022-01-01 01:30:00.000	PT15M	10YHU-MAVIR----U	CTY	HU CTY	HU	Wind Onshore	228.17		2022-01-02 08:21:33
2022-01-01 01:30:00.000	PT15M	10YHU-MAVIR----U	CTY	HU CTY	HU	Biomass	129.26		2022-01-01 03:02:26
2022-01-01 01:30:00.000	PT15M	10YHU-MAVIR----U	CTY	HU CTY	HU	Other	67.86		2022-01-01 03:02:27
2022-01-01 01:30:00.000	PT15M	10YHU-MAVIR----U	CTY	HU CTY	HU	Fossil Oil		0.26	2022-01-01 03:02:29
2022-01-01 01:30:00.000	PT15M	10YHU-MAVIR----U	CTY	HU CTY	HU	Geothermal	0.36		2022-01-01 03:02:30
2022-01-01 01:30:00.000	PT15M	10YHU-MAVIR----U	CTY	HU CTY	HU	Other renewable	6.96		2022-01-01 03:02:32
2022-01-01 01:30:00.000	PT15M	10YHU-MAVIR----U	CTY	HU CTY	HU	Hydro Run-of-river and poundage	10.66		2022-01-01 03:02:32
2022-01-01 01:30:00.000	PT15M	10YHU-MAVIR----U	CTY	HU CTY	HU	Nuclear	1947.86		2022-01-01 03:02:32
2022-01-01 01:30:00.000	PT15M	10YHU-MAVIR----U	CTY	HU CTY	HU	Fossil Hard coal	0.0		2022-01-01 03:02:36
2022-01-01 01:30:00.000	PT15M	10YHU-MAVIR----U	CTY	HU CTY	HU	Fossil Gas	551.23		2022-01-01 03:02:36
2022-01-01 01:30:00.000	PT15M	10YHU-MAVIR----U	CTY	HU CTY	HU	Solar	0.0		2022-01-02 08:49:32
2022-01-01 01:30:00.000	PT15M	10YHU-MAVIR----U	CTY	HU CTY	HU	Waste	14.41		2022-01-01 03:02:39
2022-01-01 01:30:00.000	PT15M	10YHU-MAVIR----U	CTY	HU CTY	HU	Fossil Brown coal/Lignite	295.24		2022-01-01 03:02:39
2022-01-01 01:30:00.000	PT15M	10YHU-MAVIR----U	CTY	HU CTY	HU	Hydro Water Reservoir	8.69		2022-01-01 03:02:39
2022-01-01 01:30:00.000	PT15M	10YRO-TEL------P	CTY	RO CTY	RO	Hydro Run-of-river and poundage	1558.0		2022-01-01 03:02:43
2022-01-01 01:30:00.000	PT15M	10YRO-TEL------P	CTY	RO CTY	RO	Nuclear	1421.0		2022-01-01 03:02:43
2022-01-01 01:30:00.000	PT15M	10YRO-TEL------P	CTY	RO CTY	RO	Fossil Gas	1266.0		2022-01-01 03:02:44
2022-01-01 01:30:00.000	PT15M	10YRO-TEL------P	CTY	RO CTY	RO	Fossil Hard coal	46.0		2022-01-01 03:02:44
2022-01-01 01:30:00.000	PT15M	10YRO-TEL------P	CTY	RO CTY	RO	Solar	0.0		2022-01-01 03:02:45
2022-01-01 01:30:00.000	PT15M	10YRO-TEL------P	CTY	RO CTY	RO	Fossil Brown coal/Lignite	1023.0		2022-01-01 03:02:45
2022-01-01 01:30:00.000	PT15M	10YRO-TEL------P	CTY	RO CTY	RO	Wind Onshore	639.0		2022-01-01 03:02:46
2022-01-01 01:30:00.000	PT15M	10YRO-TEL------P	CTY	RO CTY	RO	Hydro Water Reservoir	253.0		2022-01-01 03:02:46
2022-01-01 01:30:00.000	PT15M	10YRO-TEL------P	CTY	RO CTY	RO	Biomass	57.0		2022-01-01 03:02:46
2022-01-01 01:00:00.000	PT15M	10Y1001A1001A83F	CTY	DE CTY	DE	Fossil Hard coal	2038.17		2022-01-01 03:03:16
2022-01-01 01:00:00.000	PT15M	10Y1001A1001A83F	CTY	DE CTY	DE	Nuclear	3347.32		2022-01-01 03:03:17
2022-01-01 01:00:00.000	PT15M	10Y1001A1001A83F	CTY	DE CTY	DE	Wind Onshore	23680.82	0.0	2022-01-02 00:03:46
2022-01-01 01:00:00.000	PT15M	10Y1001A1001A83F	CTY	DE CTY	DE	Fossil Gas	2639.97		2022-01-01 03:03:21
2022-01-01 01:00:00.000	PT15M	10Y1001A1001A83F	CTY	DE CTY	DE	Fossil Brown coal/Lignite	3523.32		2022-01-01 03:03:25
2022-01-01 01:00:00.000	PT15M	10Y1001A1001A83F	CTY	DE CTY	DE	Hydro Pumped Storage	678.16	2358.16	2022-01-01 03:03:26
2022-01-01 01:00:00.000	PT15M	10Y1001A1001A83F	CTY	DE CTY	DE	Solar	0.0	0.0	2022-01-01 03:03:28
2022-01-01 01:00:00.000	PT15M	10Y1001A1001A83F	CTY	DE CTY	DE	Hydro Run-of-river and poundage	1423.12		2022-01-01 03:03:34
2022-01-01 01:00:00.000	PT15M	10Y1001A1001A83F	CTY	DE CTY	DE	Waste	842.9		2022-01-01 03:03:35
2022-01-01 01:00:00.000	PT15M	10Y1001A1001A83F	CTY	DE CTY	DE	Fossil Oil	279.14		2022-01-01 03:03:37
2022-01-01 01:00:00.000	PT15M	10Y1001A1001A83F	CTY	DE CTY	DE	Other	363.28		2022-01-01 03:03:38
2022-01-01 01:00:00.000	PT15M	10Y1001A1001A83F	CTY	DE CTY	DE	Other renewable	126.16		2022-01-01 03:03:38
2022-01-01 01:00:00.000	PT60M	10YLV-1001A00074	CTY	LV CTY	LV	Fossil Gas	0.0		2022-01-01 03:03:41
2022-01-01 01:00:00.000	PT60M	10YLV-1001A00074	CTY	LV CTY	LV	Other	57.0		2022-01-01 03:03:41
2022-01-01 01:00:00.000	PT60M	10YLV-1001A00074	CTY	LV CTY	LV	Biomass	65.0		2022-01-01 03:03:42
2022-01-01 01:00:00.000	PT60M	10YLV-1001A00074	CTY	LV CTY	LV	Wind Onshore	10.0		2022-01-01 03:03:42
2022-01-01 01:00:00.000	PT60M	10YLV-1001A00074	CTY	LV CTY	LV	Hydro Run-of-river and poundage	0.0		2022-01-01 03:03:42
2022-01-01 01:00:00.000	PT60M	10YFI-1--------U	CTY	FI CTY	FI	Wind Onshore	1591.0		2022-01-01 03:03:43
2022-01-01 01:00:00.000	PT60M	10YFI-1--------U	CTY	FI CTY	FI	Hydro Run-of-river and poundage	602.51		2022-01-01 03:04:00
2022-01-01 01:00:00.000	PT60M	10YFI-1--------U	CTY	FI CTY	FI	Nuclear	2800.0		2022-01-01 03:04:00
2022-01-01 01:00:00.000	PT60M	10YFI-1--------U	CTY	FI CTY	FI	Biomass	667.68		2022-01-01 03:04:03
2022-01-01 01:00:00.000	PT60M	10Y1001A1001A990	CTY	MD CTY	MD	Fossil Oil	0.0		2022-01-01 03:04:07
2022-01-01 01:00:00.000	PT60M	10Y1001A1001A990	CTY	MD CTY	MD	Hydro Run-of-river and poundage	25.0		2022-01-01 03:04:08
2022-01-01 01:00:00.000	PT60M	10Y1001A1001A990	CTY	MD CTY	MD	Fossil Hard coal	0.0		2022-01-01 03:04:08
2022-01-01 01:00:00.000	PT60M	10Y1001A1001A990	CTY	MD CTY	MD	Fossil Gas	452.0		2022-01-01 03:04:08
2022-01-01 01:00:00.000	PT60M	10YFI-1--------U	CTY	FI CTY	FI	Fossil Gas	280.59		2022-01-01 03:04:09
2022-01-01 01:00:00.000	PT60M	10Y1001A1001A990	CTY	MD CTY	MD	Biomass	3.0		2022-01-01 03:04:09
2022-01-01 01:00:00.000	PT60M	10Y1001A1001A990	CTY	MD CTY	MD	Solar	0.0		2022-01-01 03:04:10
2022-01-01 01:00:00.000	PT60M	10YFI-1--------U	CTY	FI CTY	FI	Fossil Hard coal	628.21		2022-01-01 03:04:13
2022-01-01 01:00:00.000	PT60M	10Y1001A1001A990	CTY	MD CTY	MD	Wind Onshore	4.0		2022-01-01 03:04:18
2022-01-01 01:00:00.000	PT60M	10YFI-1--------U	CTY	FI CTY	FI	Fossil Oil	10.3		2022-01-01 03:04:19
2022-01-01 01:00:00.000	PT60M	10YFI-1--------U	CTY	FI CTY	FI	Fossil Peat	581.14		2022-01-01 03:04:26
2022-01-01 01:00:00.000	PT15M	10Y1001A1001A83F	CTY	DE CTY	DE	Biomass	4284.9		2022-01-01 03:07:05
2022-01-01 01:00:00.000	PT15M	10Y1001A1001A83F	CTY	DE CTY	DE	Hydro Water Reservoir	102.61		2022-01-01 03:07:24
2022-01-01 01:00:00.000	PT15M	10Y1001A1001A83F	CTY	DE CTY	DE	Geothermal	23.46		2022-01-01 03:07:27
2022-01-01 01:00:00.000	PT60M	10YFI-1--------U	CTY	FI CTY	FI	Waste	34.9		2022-01-01 03:07:34
2022-01-01 01:00:00.000	PT60M	10YFI-1--------U	CTY	FI CTY	FI	Other renewable	10.01		2022-01-01 03:07:35
2022-01-01 01:00:00.000	PT60M	10YFI-1--------U	CTY	FI CTY	FI	Other	124.02		2022-01-01 03:07:40
2022-01-01 01:15:00.000	PT15M	10Y1001A1001A83F	CTY	DE CTY	DE	Nuclear	3345.03		2022-01-01 03:17:10
2022-01-01 01:15:00.000	PT15M	10Y1001A1001A83F	CTY	DE CTY	DE	Fossil Hard coal	2037.69		2022-01-01 03:17:24
2022-01-01 01:15:00.000	PT15M	10Y1001A1001A83F	CTY	DE CTY	DE	Fossil Gas	2605.28		2022-01-01 03:17:27
2022-01-01 01:15:00.000	PT15M	10Y1001A1001A83F	CTY	DE CTY	DE	Hydro Pumped Storage	518.11	2425.97	2022-01-01 03:17:37
2022-01-01 01:15:00.000	PT15M	10Y1001A1001A83F	CTY	DE CTY	DE	Fossil Oil	279.14		2022-01-01 03:19:28
2022-01-01 01:15:00.000	PT15M	10Y1001A1001A83F	CTY	DE CTY	DE	Hydro Water Reservoir	32.86		2022-01-01 03:19:33
2022-01-01 01:00:00.000	PT60M	10YCZ-CEPS-----N	CTY	CZ CTY	CZ	Wind Onshore	193.59		2022-01-01 04:22:18
2022-01-01 01:00:00.000	PT60M	10YCZ-CEPS-----N	CTY	CZ CTY	CZ	Nuclear	3444.23		2022-01-01 04:22:23
2022-01-01 01:30:00.000	PT15M	10Y1001A1001A83F	CTY	DE CTY	DE	Wind Offshore	5412.85		2022-01-01 03:19:39
2022-01-01 01:15:00.000	PT15M	10Y1001A1001A83F	CTY	DE CTY	DE	Solar	0.0	0.0	2022-01-01 03:19:41
2022-01-01 01:00:00.000	PT60M	10YCZ-CEPS-----N	CTY	CZ CTY	CZ	Other renewable	254.37		2022-01-01 04:22:12
2022-01-01 01:15:00.000	PT15M	10Y1001A1001A83F	CTY	DE CTY	DE	Wind Onshore	23162.99	0.0	2022-01-02 00:03:46
2022-01-01 01:00:00.000	PT60M	10YCZ-CEPS-----N	CTY	CZ CTY	CZ	Waste	21.08		2022-01-01 04:22:33
2022-01-01 01:15:00.000	PT15M	10YNL----------L	CTY	NL CTY	NL	Other	1285.69	1192.63	2022-01-29 03:19:10
2022-01-01 01:00:00.000	PT60M	10YCZ-CEPS-----N	CTY	CZ CTY	CZ	Fossil Brown coal/Lignite	2076.96		2022-01-01 04:22:25
2022-01-01 01:00:00.000	PT60M	10YCZ-CEPS-----N	CTY	CZ CTY	CZ	Hydro Pumped Storage	0.0	939.18	2022-01-01 04:22:19
2022-01-01 01:00:00.000	PT60M	10YCZ-CEPS-----N	CTY	CZ CTY	CZ	Fossil Oil	0.0		2022-01-01 03:19:55
2022-01-01 01:00:00.000	PT60M	10YCZ-CEPS-----N	CTY	CZ CTY	CZ	Other	0.0		2022-01-01 03:19:56
2022-01-01 01:00:00.000	PT60M	10YCZ-CEPS-----N	CTY	CZ CTY	CZ	Hydro Water Reservoir	15.29		2022-01-01 04:22:36
2022-01-01 01:00:00.000	PT60M	10YCZ-CEPS-----N	CTY	CZ CTY	CZ	Fossil Coal-derived gas	69.93		2022-01-01 04:22:18
2022-01-01 01:00:00.000	PT60M	10YCZ-CEPS-----N	CTY	CZ CTY	CZ	Hydro Run-of-river and poundage	125.27		2022-01-01 04:22:24
2022-01-01 01:00:00.000	PT60M	10YCZ-CEPS-----N	CTY	CZ CTY	CZ	Biomass	256.57		2022-01-01 04:22:19
2022-01-01 01:00:00.000	PT60M	10YCZ-CEPS-----N	CTY	CZ CTY	CZ	Solar	0.0		2022-01-01 03:20:15
2022-01-01 01:00:00.000	PT60M	10YCZ-CEPS-----N	CTY	CZ CTY	CZ	Fossil Hard coal	137.95		2022-01-01 04:22:35
2022-01-01 01:00:00.000	PT60M	10YCZ-CEPS-----N	CTY	CZ CTY	CZ	Fossil Gas	503.52		2022-01-01 04:22:23
2022-01-01 01:00:00.000	PT60M	10Y1001A1001B012	CTY	GE CTY	GE	Hydro Run-of-river and poundage	290.81		2022-01-01 03:20:43
2022-01-01 01:00:00.000	PT60M	10Y1001A1001B012	CTY	GE CTY	GE	Fossil Gas	646.06		2022-01-01 03:20:43
2022-01-01 01:00:00.000	PT60M	10Y1001A1001B012	CTY	GE CTY	GE	Wind Onshore	12.25		2022-01-01 03:20:43
2022-01-01 01:00:00.000	PT60M	10Y1001A1001B012	CTY	GE CTY	GE	Hydro Water Reservoir	98.32		2022-01-01 03:20:46
2022-01-01 01:00:00.000	PT60M	10Y1001C--00003F	CTY	UA CTY	UA	Other	32.0		2022-01-01 03:21:42
2022-01-01 01:00:00.000	PT60M	10Y1001C--00003F	CTY	UA CTY	UA	Nuclear	12342.0		2022-01-01 03:21:42
2022-01-01 01:00:00.000	PT60M	10Y1001C--00003F	CTY	UA CTY	UA	Fossil Hard coal	3270.0		2022-01-01 03:21:42
2022-01-01 01:00:00.000	PT60M	10Y1001C--00003F	CTY	UA CTY	UA	Fossil Gas	406.0		2022-01-01 03:21:42
2022-01-01 01:00:00.000	PT60M	10Y1001C--00003F	CTY	UA CTY	UA	Hydro Pumped Storage	0.0	1061.0	2022-01-01 03:21:42
2022-01-01 01:00:00.000	PT60M	10Y1001C--00003F	CTY	UA CTY	UA	Hydro Water Reservoir	63.0		2022-01-01 03:21:43
2022-01-01 01:00:00.000	PT60M	10Y1001C--00003F	CTY	UA CTY	UA	Wind Onshore	637.0		2022-01-01 03:21:43
2022-01-01 01:00:00.000	PT60M	10Y1001C--00003F	CTY	UA CTY	UA	Solar	3.0		2022-01-01 03:21:44
2022-01-01 01:00:00.000	PT60M	10YLT-1001A0008Q	CTY	LT CTY	LT	Other	13.52		2022-01-01 03:22:06
2022-01-01 01:00:00.000	PT60M	10YLT-1001A0008Q	CTY	LT CTY	LT	Wind Onshore	263.22		2022-01-01 03:22:06
2022-01-01 01:00:00.000	PT60M	10YLT-1001A0008Q	CTY	LT CTY	LT	Waste	18.71		2022-01-01 03:22:07
2022-01-01 01:00:00.000	PT60M	10YLT-1001A0008Q	CTY	LT CTY	LT	Solar	0.0		2022-01-01 03:22:08
2022-01-01 01:00:00.000	PT60M	10YLT-1001A0008Q	CTY	LT CTY	LT	Hydro Run-of-river and poundage	24.24		2022-01-01 03:22:08
2022-01-01 01:00:00.000	PT60M	10YLT-1001A0008Q	CTY	LT CTY	LT	Fossil Gas	36.65		2022-01-01 03:22:08
2022-01-01 01:00:00.000	PT60M	10YLT-1001A0008Q	CTY	LT CTY	LT	Biomass	54.32		2022-01-01 03:22:09
2022-01-01 01:00:00.000	PT60M	10YLT-1001A0008Q	CTY	LT CTY	LT	Hydro Pumped Storage	35.43	0.0	2022-01-01 03:22:09
2022-01-01 01:00:00.000	PT15M	10YAT-APG------L	CTY	AT CTY	AT	Wind Onshore	2588.0	0.0	2022-01-01 04:32:14
2022-01-01 01:00:00.000	PT15M	10YAT-APG------L	CTY	AT CTY	AT	Solar	0.0	0.0	2022-01-01 03:22:30
2022-01-01 01:00:00.000	PT15M	10YAT-APG------L	CTY	AT CTY	AT	Hydro Run-of-river and poundage	4043.2	0.0	2022-02-21 14:36:49
2022-01-01 01:00:00.000	PT15M	10YAT-APG------L	CTY	AT CTY	AT	Fossil Hard coal	0.0	0.0	2022-01-01 03:22:33
2022-01-01 01:00:00.000	PT15M	10YAT-APG------L	CTY	AT CTY	AT	Other	22.0	0.0	2022-01-01 03:22:35
2022-01-01 01:00:00.000	PT15M	10YAT-APG------L	CTY	AT CTY	AT	Hydro Pumped Storage	0.0	1357.2	2022-01-02 14:16:44
2022-01-01 01:00:00.000	PT15M	10YAT-APG------L	CTY	AT CTY	AT	Fossil Oil	0.0	0.0	2022-01-01 03:22:36
2022-01-01 01:00:00.000	PT15M	10YAT-APG------L	CTY	AT CTY	AT	Other renewable	0.0	0.0	2022-01-01 03:22:37
2022-01-01 01:00:00.000	PT15M	10YAT-APG------L	CTY	AT CTY	AT	Biomass	136.0	0.0	2022-01-01 03:22:37
2022-01-01 01:00:00.000	PT15M	10YAT-APG------L	CTY	AT CTY	AT	Geothermal	0.07	0.0	2022-01-01 03:22:38
2022-01-01 01:00:00.000	PT15M	10YAT-APG------L	CTY	AT CTY	AT	Fossil Gas	96.4	0.0	2022-02-21 14:36:47
2022-01-01 01:00:00.000	PT15M	10YAT-APG------L	CTY	AT CTY	AT	Hydro Water Reservoir	229.6	0.0	2022-01-04 11:08:43
2022-01-01 01:00:00.000	PT15M	10YAT-APG------L	CTY	AT CTY	AT	Waste	100.0	0.0	2022-01-01 03:22:40
2022-01-01 01:45:00.000	PT15M	10YHU-MAVIR----U	CTY	HU CTY	HU	Solar	0.0		2022-01-02 08:49:32
2022-01-01 01:45:00.000	PT15M	10YHU-MAVIR----U	CTY	HU CTY	HU	Wind Onshore	230.39		2022-01-02 08:21:33
2022-01-01 01:45:00.000	PT15M	10YRO-TEL------P	CTY	RO CTY	RO	Hydro Run-of-river and poundage	1538.0		2022-01-01 03:22:45
2022-01-01 01:45:00.000	PT15M	10YRO-TEL------P	CTY	RO CTY	RO	Nuclear	1421.0		2022-01-01 03:22:46
2022-01-01 01:45:00.000	PT15M	10YRO-TEL------P	CTY	RO CTY	RO	Fossil Gas	1254.0		2022-01-01 03:22:46
2022-01-01 01:45:00.000	PT15M	10YRO-TEL------P	CTY	RO CTY	RO	Biomass	56.0		2022-01-01 03:22:46
2022-01-01 01:45:00.000	PT15M	10YRO-TEL------P	CTY	RO CTY	RO	Hydro Water Reservoir	247.0		2022-01-01 03:22:46
2022-01-01 01:45:00.000	PT15M	10YRO-TEL------P	CTY	RO CTY	RO	Solar	0.0		2022-01-01 03:22:47
2022-01-01 01:45:00.000	PT15M	10YRO-TEL------P	CTY	RO CTY	RO	Fossil Brown coal/Lignite	1006.0		2022-01-01 03:22:47
2022-01-01 01:45:00.000	PT15M	10YRO-TEL------P	CTY	RO CTY	RO	Wind Onshore	621.0		2022-01-01 03:22:47
2022-01-01 01:45:00.000	PT15M	10YRO-TEL------P	CTY	RO CTY	RO	Fossil Hard coal	46.0		2022-01-01 03:22:47
2022-01-01 01:45:00.000	PT15M	10YHU-MAVIR----U	CTY	HU CTY	HU	Waste	14.83		2022-01-01 03:22:59
2022-01-01 01:45:00.000	PT15M	10YHU-MAVIR----U	CTY	HU CTY	HU	Fossil Oil		0.26	2022-01-01 03:22:59
2022-01-01 01:45:00.000	PT15M	10YHU-MAVIR----U	CTY	HU CTY	HU	Nuclear	1945.88		2022-01-01 03:22:59
2022-01-01 01:45:00.000	PT15M	10YHU-MAVIR----U	CTY	HU CTY	HU	Other	67.86		2022-01-01 03:23:03
2022-01-01 01:45:00.000	PT15M	10YHU-MAVIR----U	CTY	HU CTY	HU	Hydro Run-of-river and poundage	10.65		2022-01-01 03:23:04
2022-01-01 01:45:00.000	PT15M	10YHU-MAVIR----U	CTY	HU CTY	HU	Fossil Brown coal/Lignite	297.34		2022-01-01 03:23:05
2022-01-01 01:45:00.000	PT15M	10YHU-MAVIR----U	CTY	HU CTY	HU	Fossil Hard coal	0.0		2022-01-01 03:23:06
2022-01-01 01:45:00.000	PT15M	10YHU-MAVIR----U	CTY	HU CTY	HU	Other renewable	6.56		2022-01-01 03:23:07
2022-01-01 01:45:00.000	PT15M	10YHU-MAVIR----U	CTY	HU CTY	HU	Hydro Water Reservoir	8.69		2022-01-01 03:23:08
2022-01-01 01:45:00.000	PT15M	10YHU-MAVIR----U	CTY	HU CTY	HU	Fossil Gas	521.6		2022-01-01 03:23:09
2022-01-01 01:45:00.000	PT15M	10YHU-MAVIR----U	CTY	HU CTY	HU	Biomass	129.32		2022-01-01 03:23:10
2022-01-01 01:45:00.000	PT15M	10YHU-MAVIR----U	CTY	HU CTY	HU	Geothermal	0.36		2022-01-01 03:23:12
2022-01-01 01:30:00.000	PT30M	10YCY-1001A0003J	CTY	CY CTY	CY	Wind Onshore	47.35		2022-01-01 03:23:12
2022-01-01 01:30:00.000	PT30M	10YCY-1001A0003J	CTY	CY CTY	CY	Fossil Oil	350.5		2022-01-01 03:23:12
2022-01-01 01:00:00.000	PT60M	10Y1001A1001A39I	CTY	EE CTY	EE	Fossil Peat	1.9		2022-01-01 03:23:14
2022-01-01 01:00:00.000	PT60M	10Y1001A1001A39I	CTY	EE CTY	EE	Biomass	56.4		2022-01-01 03:23:14
2022-01-01 01:00:00.000	PT60M	10Y1001A1001A39I	CTY	EE CTY	EE	Fossil Gas	2.4		2022-01-01 03:23:14
2022-01-01 01:00:00.000	PT60M	10Y1001A1001A39I	CTY	EE CTY	EE	Fossil Coal-derived gas	52.9		2022-01-01 03:23:15
2022-01-01 01:00:00.000	PT60M	10Y1001A1001A39I	CTY	EE CTY	EE	Hydro Run-of-river and poundage	2.8		2022-01-01 03:23:15
2022-01-01 01:00:00.000	PT60M	10Y1001A1001A39I	CTY	EE CTY	EE	Fossil Oil shale	254.1		2022-01-01 03:23:16
2022-01-01 01:00:00.000	PT60M	10Y1001A1001A39I	CTY	EE CTY	EE	Waste	17.3		2022-01-01 03:23:16
2022-01-01 01:00:00.000	PT60M	10Y1001A1001A39I	CTY	EE CTY	EE	Other	0.0		2022-01-01 03:23:17
2022-01-01 01:00:00.000	PT60M	10Y1001A1001A39I	CTY	EE CTY	EE	Wind Onshore	24.5		2022-01-01 03:23:17
2022-01-01 01:00:00.000	PT60M	10Y1001A1001A39I	CTY	EE CTY	EE	Other renewable	4.3		2022-01-01 03:23:17
2022-01-01 01:00:00.000	PT60M	10Y1001A1001A39I	CTY	EE CTY	EE	Solar	0.0		2022-01-01 03:23:17
2022-01-01 01:00:00.000	PT60M	10YPT-REN------W	CTY	PT CTY	PT	Biomass	403.5		2022-03-05 11:47:22
2022-01-01 01:00:00.000	PT60M	10YPT-REN------W	CTY	PT CTY	PT	Wind Offshore	25.0		2022-01-08 11:22:43
2022-01-01 01:00:00.000	PT60M	10YPT-REN------W	CTY	PT CTY	PT	Wind Onshore	2228.2		2022-01-29 11:31:43
2022-01-01 01:00:00.000	PT60M	10YPT-REN------W	CTY	PT CTY	PT	Other	33.9		2022-01-08 11:22:43
2022-01-01 01:00:00.000	PT60M	10YPT-REN------W	CTY	PT CTY	PT	Hydro Water Reservoir	51.4	0.9	2022-01-29 11:31:47
2022-01-01 01:00:00.000	PT60M	10YPT-REN------W	CTY	PT CTY	PT	Solar	0.0		2022-01-08 11:22:44
2022-01-01 01:00:00.000	PT60M	10YPT-REN------W	CTY	PT CTY	PT	Hydro Run-of-river and poundage	196.6	1.7	2022-02-12 14:41:11
2022-01-01 01:00:00.000	PT60M	10YPT-REN------W	CTY	PT CTY	PT	Fossil Hard coal	0.0	0.0	2022-01-01 03:23:26
2022-01-01 01:00:00.000	PT60M	10YPT-REN------W	CTY	PT CTY	PT	Hydro Pumped Storage	25.9	732.3	2022-01-08 11:22:44
2022-01-01 01:15:00.000	PT15M	10Y1001A1001A83F	CTY	DE CTY	DE	Biomass	4283.68		2022-01-01 03:23:32
2022-01-01 01:15:00.000	PT15M	10Y1001A1001A83F	CTY	DE CTY	DE	Geothermal	23.46		2022-01-01 03:23:37
2022-01-01 01:15:00.000	PT15M	10Y1001A1001A83F	CTY	DE CTY	DE	Hydro Run-of-river and poundage	1420.37		2022-01-01 03:23:39
2022-01-01 01:15:00.000	PT15M	10Y1001A1001A83F	CTY	DE CTY	DE	Other	363.23		2022-01-01 03:23:40
2022-01-01 01:15:00.000	PT15M	10Y1001A1001A83F	CTY	DE CTY	DE	Other renewable	126.14		2022-01-01 03:23:41
2022-01-01 01:15:00.000	PT15M	10Y1001A1001A83F	CTY	DE CTY	DE	Waste	844.21		2022-01-01 03:23:43
2022-01-01 01:15:00.000	PT15M	10Y1001A1001A83F	CTY	DE CTY	DE	Fossil Brown coal/Lignite	3505.78		2022-01-01 03:23:47
2022-01-01 01:00:00.000	PT60M	10YPT-REN------W	CTY	PT CTY	PT	Fossil Gas	167.7	12.7	2022-01-29 11:31:49
2022-01-01 01:45:00.000	PT15M	10Y1001A1001A83F	CTY	DE CTY	DE	Wind Offshore	5336.44		2022-01-01 03:24:56
2022-01-01 01:00:00.000	PT60M	10YSK-SEPS-----K	CTY	SK CTY	SK	Wind Onshore	2.2		2022-01-01 03:26:07
2022-01-01 01:00:00.000	PT60M	10YSK-SEPS-----K	CTY	SK CTY	SK	Solar	0.4		2022-01-01 03:26:07
2022-01-01 01:00:00.000	PT60M	10YSK-SEPS-----K	CTY	SK CTY	SK	Hydro Pumped Storage		308.1	2022-01-01 03:26:24
2022-01-01 01:00:00.000	PT60M	10YSK-SEPS-----K	CTY	SK CTY	SK	Nuclear	1960.4		2022-01-01 03:26:24
2022-01-01 01:00:00.000	PT60M	10YSK-SEPS-----K	CTY	SK CTY	SK	Other	189.4		2022-01-01 03:26:25
2022-01-01 01:00:00.000	PT60M	10YSK-SEPS-----K	CTY	SK CTY	SK	Biomass	95.8		2022-01-01 03:26:26
2022-01-01 01:00:00.000	PT60M	10YSK-SEPS-----K	CTY	SK CTY	SK	Fossil Brown coal/Lignite	96.8		2022-01-01 03:26:26
2022-01-01 01:00:00.000	PT60M	10YSK-SEPS-----K	CTY	SK CTY	SK	Fossil Gas	199.5		2022-01-01 03:26:27
2022-01-01 01:00:00.000	PT60M	10YSK-SEPS-----K	CTY	SK CTY	SK	Fossil Oil	52.3		2022-01-01 03:26:27
2022-01-01 01:00:00.000	PT60M	10YSK-SEPS-----K	CTY	SK CTY	SK	Other renewable	56.5		2022-01-01 03:26:27
2022-01-01 01:00:00.000	PT60M	10YSK-SEPS-----K	CTY	SK CTY	SK	Hydro Run-of-river and poundage	684.1		2022-01-01 03:26:28
2022-01-01 01:00:00.000	PT60M	10YSK-SEPS-----K	CTY	SK CTY	SK	Fossil Hard coal	49.9		2022-01-01 03:26:28
2022-01-01 01:00:00.000	PT60M	10YSK-SEPS-----K	CTY	SK CTY	SK	Hydro Water Reservoir	2.3		2022-01-01 03:26:28
2022-01-01 01:30:00.000	PT15M	10YNL----------L	CTY	NL CTY	NL	Other	1329.1	1187.3	2022-01-29 03:31:33
2022-01-01 01:00:00.000	PT60M	10YES-REE------0	CTY	ES CTY	ES	Fossil Peat	0.0		2022-01-01 03:26:39
2022-01-01 01:00:00.000	PT60M	10YES-REE------0	CTY	ES CTY	ES	Wind Offshore	0.0		2022-01-01 03:26:39
2022-01-01 01:00:00.000	PT60M	10YES-REE------0	CTY	ES CTY	ES	Solar	75.0		2022-01-01 03:26:40
2022-01-01 01:00:00.000	PT60M	10YES-REE------0	CTY	ES CTY	ES	Marine	0.0		2022-01-01 03:26:40
2022-01-01 01:00:00.000	PT60M	10YES-REE------0	CTY	ES CTY	ES	Fossil Brown coal/Lignite	0.0		2022-01-01 03:26:41
2022-01-01 01:00:00.000	PT60M	10YES-REE------0	CTY	ES CTY	ES	Wind Onshore	6456.0		2022-01-01 03:26:41
2022-01-01 01:00:00.000	PT60M	10YES-REE------0	CTY	ES CTY	ES	Waste	265.0		2022-01-01 03:26:41
2022-01-01 01:00:00.000	PT60M	10YES-REE------0	CTY	ES CTY	ES	Hydro Run-of-river and poundage	1046.0		2022-01-01 03:26:42
2022-01-01 01:00:00.000	PT60M	10YES-REE------0	CTY	ES CTY	ES	Nuclear	6092.0		2022-01-01 03:26:42
2022-01-01 01:00:00.000	PT60M	10YES-REE------0	CTY	ES CTY	ES	Fossil Oil shale	0.0		2022-01-01 03:26:43
2022-01-01 01:00:00.000	PT60M	10YES-REE------0	CTY	ES CTY	ES	Fossil Gas	3557.0		2022-01-01 03:26:43
2022-01-01 01:00:00.000	PT60M	10YES-REE------0	CTY	ES CTY	ES	Geothermal	0.0		2022-01-01 03:26:44
2022-01-01 01:00:00.000	PT60M	10YES-REE------0	CTY	ES CTY	ES	Hydro Pumped Storage		1884.0	2022-01-01 03:26:44
2022-01-01 01:00:00.000	PT60M	10YES-REE------0	CTY	ES CTY	ES	Other renewable	96.0		2022-01-01 03:26:45
2022-01-01 01:00:00.000	PT60M	10YES-REE------0	CTY	ES CTY	ES	Fossil Hard coal	842.0		2022-01-01 03:26:46
2022-01-01 01:00:00.000	PT60M	10YES-REE------0	CTY	ES CTY	ES	Hydro Water Reservoir	746.0		2022-01-01 03:26:46
2022-01-01 01:00:00.000	PT60M	10YES-REE------0	CTY	ES CTY	ES	Other	50.0		2022-01-01 03:26:47
2022-01-01 01:00:00.000	PT60M	10YES-REE------0	CTY	ES CTY	ES	Fossil Oil	112.0		2022-01-01 03:26:47
2022-01-01 01:00:00.000	PT60M	10YES-REE------0	CTY	ES CTY	ES	Biomass	524.0		2022-01-01 03:26:48
2022-01-01 01:00:00.000	PT60M	10YES-REE------0	CTY	ES CTY	ES	Fossil Coal-derived gas	0.0		2022-01-01 03:26:49
2022-01-01 01:15:00.000	PT15M	10YAT-APG------L	CTY	AT CTY	AT	Solar	0.0	0.0	2022-01-01 03:28:14
2022-01-01 01:15:00.000	PT15M	10YAT-APG------L	CTY	AT CTY	AT	Wind Onshore	2592.0	0.0	2022-01-01 04:32:14
2022-01-01 01:15:00.000	PT15M	10YAT-APG------L	CTY	AT CTY	AT	Hydro Run-of-river and poundage	4033.6	0.0	2022-02-21 14:36:49
2022-01-01 01:15:00.000	PT15M	10YAT-APG------L	CTY	AT CTY	AT	Geothermal	0.07	0.0	2022-01-01 03:28:18
2022-01-01 01:15:00.000	PT15M	10YAT-APG------L	CTY	AT CTY	AT	Fossil Hard coal	0.0	0.0	2022-01-01 03:28:19
2022-01-01 01:15:00.000	PT15M	10YAT-APG------L	CTY	AT CTY	AT	Waste	100.0	0.0	2022-01-01 03:28:20
2022-01-01 01:15:00.000	PT15M	10YAT-APG------L	CTY	AT CTY	AT	Fossil Oil	0.0	0.0	2022-01-01 03:28:20
2022-01-01 01:15:00.000	PT15M	10YAT-APG------L	CTY	AT CTY	AT	Hydro Water Reservoir	235.2	0.0	2022-02-21 14:36:55
2022-01-01 01:15:00.000	PT15M	10YAT-APG------L	CTY	AT CTY	AT	Biomass	136.0	0.0	2022-01-01 03:28:21
2022-01-01 01:15:00.000	PT15M	10YAT-APG------L	CTY	AT CTY	AT	Hydro Pumped Storage	0.0	1323.2	2022-01-02 14:16:44
2022-01-01 01:15:00.000	PT15M	10YAT-APG------L	CTY	AT CTY	AT	Other	22.0	0.0	2022-01-01 03:28:23
2022-01-01 01:15:00.000	PT15M	10YAT-APG------L	CTY	AT CTY	AT	Other renewable	0.0	0.0	2022-01-01 03:28:24
2022-01-01 01:15:00.000	PT15M	10YAT-APG------L	CTY	AT CTY	AT	Fossil Gas	98.4	0.0	2022-01-04 11:08:50
2022-01-01 01:30:00.000	PT15M	10Y1001A1001A83F	CTY	DE CTY	DE	Nuclear	3348.07		2022-01-01 03:31:28
2022-01-01 01:30:00.000	PT15M	10Y1001A1001A83F	CTY	DE CTY	DE	Fossil Brown coal/Lignite	3480.34		2022-01-01 03:31:29
2022-01-01 01:30:00.000	PT15M	10Y1001A1001A83F	CTY	DE CTY	DE	Fossil Hard coal	2028.86		2022-01-01 03:31:29
2022-01-01 01:30:00.000	PT15M	10Y1001A1001A83F	CTY	DE CTY	DE	Solar	0.0	0.0	2022-01-01 03:31:31
2022-01-01 01:30:00.000	PT15M	10Y1001A1001A83F	CTY	DE CTY	DE	Hydro Pumped Storage	427.48	2541.85	2022-01-01 03:31:32
2022-01-01 01:30:00.000	PT15M	10Y1001A1001A83F	CTY	DE CTY	DE	Fossil Gas	2620.68		2022-01-01 03:31:33
2022-01-01 01:30:00.000	PT15M	10Y1001A1001A83F	CTY	DE CTY	DE	Wind Onshore	23089.44	0.0	2022-01-02 00:03:46
2022-01-01 01:00:00.000	PT60M	10YBA-JPCC-----D	CTY	BA CTY	BA	Hydro Run-of-river and poundage	135.52		2022-01-01 03:45:47
2022-01-01 01:00:00.000	PT60M	10YBA-JPCC-----D	CTY	BA CTY	BA	Hydro Water Reservoir	453.92		2022-01-01 03:45:47
2022-01-01 01:00:00.000	PT60M	10YBA-JPCC-----D	CTY	BA CTY	BA	Hydro Pumped Storage	0.0		2022-01-01 03:45:47
2022-01-01 01:00:00.000	PT60M	10YBA-JPCC-----D	CTY	BA CTY	BA	Wind Onshore	1.41		2022-01-01 03:45:47
2022-01-01 01:00:00.000	PT60M	10YBA-JPCC-----D	CTY	BA CTY	BA	Fossil Brown coal/Lignite	812.87		2022-01-01 03:45:47
2022-01-01 01:30:00.000	PT15M	10Y1001A1001A83F	CTY	DE CTY	DE	Hydro Water Reservoir	34.14		2022-01-01 03:45:57
2022-01-01 01:30:00.000	PT15M	10Y1001A1001A83F	CTY	DE CTY	DE	Geothermal	23.46		2022-01-01 03:45:58
2022-01-01 01:30:00.000	PT15M	10Y1001A1001A83F	CTY	DE CTY	DE	Waste	840.9		2022-01-01 03:46:01
2022-01-01 01:30:00.000	PT15M	10Y1001A1001A83F	CTY	DE CTY	DE	Other renewable	126.16		2022-01-01 03:46:02
2022-01-01 01:30:00.000	PT15M	10Y1001A1001A83F	CTY	DE CTY	DE	Other	363.28		2022-01-01 03:46:03
2022-01-01 01:30:00.000	PT15M	10Y1001A1001A83F	CTY	DE CTY	DE	Fossil Oil	279.14		2022-01-01 03:46:04
2022-01-01 01:30:00.000	PT15M	10Y1001A1001A83F	CTY	DE CTY	DE	Biomass	4282.58		2022-01-01 03:46:05
2022-01-01 01:30:00.000	PT15M	10Y1001A1001A83F	CTY	DE CTY	DE	Hydro Run-of-river and poundage	1422.39		2022-01-01 03:46:06
2022-01-01 01:45:00.000	PT15M	10Y1001A1001A83F	CTY	DE CTY	DE	Hydro Pumped Storage	241.67	2591.32	2022-01-01 03:46:32
2022-01-01 01:45:00.000	PT15M	10Y1001A1001A83F	CTY	DE CTY	DE	Wind Onshore	22662.4	0.0	2022-01-02 00:03:46
2022-01-01 01:45:00.000	PT15M	10Y1001A1001A83F	CTY	DE CTY	DE	Solar	0.0	0.0	2022-01-01 03:46:36
2022-01-01 01:45:00.000	PT15M	10Y1001A1001A83F	CTY	DE CTY	DE	Fossil Brown coal/Lignite	3470.86		2022-01-01 03:46:38
2022-01-01 01:45:00.000	PT15M	10Y1001A1001A83F	CTY	DE CTY	DE	Nuclear	3337.38		2022-01-01 03:46:40
2022-01-01 01:45:00.000	PT15M	10Y1001A1001A83F	CTY	DE CTY	DE	Fossil Hard coal	2028.2		2022-01-01 03:46:44
2022-01-01 01:45:00.000	PT15M	10Y1001A1001A83F	CTY	DE CTY	DE	Fossil Gas	2627.65		2022-01-01 03:46:45
2022-01-01 01:00:00.000	PT60M	10YCS-CG-TSO---S	CTY	ME CTY	ME	Hydro Water Reservoir	182.47		2022-01-01 04:33:38
2022-01-01 01:00:00.000	PT60M	10YCS-CG-TSO---S	CTY	ME CTY	ME	Fossil Brown coal/Lignite	206.86		2022-01-01 04:33:36
2022-01-01 01:00:00.000	PT60M	10YCS-CG-TSO---S	CTY	ME CTY	ME	Other renewable	0.0		2022-01-01 03:47:07
2022-01-01 01:00:00.000	PT60M	10YCS-CG-TSO---S	CTY	ME CTY	ME	Wind Onshore	12.09		2022-01-01 04:33:36
2022-01-01 01:00:00.000	PT60M	10YPL-AREA-----S	CTY	PL CTY	PL	Wind Onshore	4071.18		2022-01-01 03:47:23
2022-01-01 01:00:00.000	PT60M	10YPL-AREA-----S	CTY	PL CTY	PL	Solar	0.0		2022-01-01 03:47:27
2022-01-01 01:00:00.000	PT60M	10YPL-AREA-----S	CTY	PL CTY	PL	Hydro Water Reservoir	0.0		2022-01-01 03:47:28
2022-01-01 01:00:00.000	PT60M	10YPL-AREA-----S	CTY	PL CTY	PL	Fossil Coal-derived gas	63.68		2022-01-01 03:47:29
2022-01-01 01:00:00.000	PT60M	10YPL-AREA-----S	CTY	PL CTY	PL	Fossil Gas	1003.19		2022-01-01 03:47:29
2022-01-01 01:00:00.000	PT60M	10YPL-AREA-----S	CTY	PL CTY	PL	Biomass	221.36		2022-01-01 03:47:29
2022-01-01 01:00:00.000	PT60M	10YPL-AREA-----S	CTY	PL CTY	PL	Hydro Run-of-river and poundage	199.35		2022-01-01 08:36:12
2022-01-01 01:00:00.000	PT60M	10YPL-AREA-----S	CTY	PL CTY	PL	Fossil Oil	277.15		2022-01-01 03:47:29
2022-01-01 01:00:00.000	PT60M	10YPL-AREA-----S	CTY	PL CTY	PL	Fossil Hard coal	5682.59		2022-01-01 06:37:06
2022-01-01 01:00:00.000	PT60M	10YPL-AREA-----S	CTY	PL CTY	PL	Hydro Pumped Storage	0.0		2022-01-01 03:47:30
2022-01-01 01:00:00.000	PT60M	10YPL-AREA-----S	CTY	PL CTY	PL	Fossil Brown coal/Lignite	2466.18		2022-01-01 03:47:30
2022-01-01 01:45:00.000	PT15M	10YNL----------L	CTY	NL CTY	NL	Other	1315.51	1196.95	2022-01-29 03:48:56
2022-01-01 01:00:00.000	PT60M	10YFR-RTE------C	CTY	FR CTY	FR	Fossil Hard coal	29.0		2022-01-01 03:47:44
2022-01-01 01:00:00.000	PT60M	10YFR-RTE------C	CTY	FR CTY	FR	Wind Onshore	3050.0		2022-01-01 03:47:45
2022-01-01 01:00:00.000	PT60M	10YFR-RTE------C	CTY	FR CTY	FR	Hydro Pumped Storage		183.0	2022-01-01 03:47:46
2022-01-01 01:00:00.000	PT60M	10YFR-RTE------C	CTY	FR CTY	FR	Hydro Run-of-river and poundage	5580.0		2022-01-01 03:47:46
2022-01-01 01:00:00.000	PT60M	10YFR-RTE------C	CTY	FR CTY	FR	Hydro Water Reservoir	1350.0		2022-01-01 03:47:47
2022-01-01 01:00:00.000	PT60M	10YFR-RTE------C	CTY	FR CTY	FR	Solar	0.0		2022-01-01 03:47:47
2022-01-01 01:00:00.000	PT60M	10YFR-RTE------C	CTY	FR CTY	FR	Biomass	374.0		2022-01-01 03:47:47
2022-01-01 01:00:00.000	PT60M	10YFR-RTE------C	CTY	FR CTY	FR	Fossil Oil	212.0		2022-01-01 03:47:47
2022-01-01 01:00:00.000	PT60M	10YFR-RTE------C	CTY	FR CTY	FR	Waste	270.0		2022-01-01 03:47:47
2022-01-01 01:00:00.000	PT60M	10YFR-RTE------C	CTY	FR CTY	FR	Fossil Gas	2502.0		2022-01-01 03:47:49
2022-01-01 01:00:00.000	PT60M	10YFR-RTE------C	CTY	FR CTY	FR	Nuclear	37836.0		2022-01-01 03:47:49
2022-01-01 01:30:00.000	PT15M	10YAT-APG------L	CTY	AT CTY	AT	Solar	0.0	0.0	2022-01-01 03:52:40
2022-01-01 01:30:00.000	PT15M	10YAT-APG------L	CTY	AT CTY	AT	Wind Onshore	2640.0	0.0	2022-01-01 04:32:14
2022-01-01 01:30:00.000	PT15M	10YAT-APG------L	CTY	AT CTY	AT	Biomass	136.0	0.0	2022-01-01 03:52:42
2022-01-01 01:30:00.000	PT15M	10YAT-APG------L	CTY	AT CTY	AT	Geothermal	0.07	0.0	2022-01-01 03:52:43
2022-01-01 01:30:00.000	PT15M	10YAT-APG------L	CTY	AT CTY	AT	Fossil Gas	96.4	0.0	2022-01-04 11:08:50
2022-01-01 01:30:00.000	PT15M	10YAT-APG------L	CTY	AT CTY	AT	Hydro Water Reservoir	237.6	0.0	2022-02-21 14:36:55
2022-01-01 01:30:00.000	PT15M	10YAT-APG------L	CTY	AT CTY	AT	Waste	100.0	0.0	2022-01-01 03:52:47
2022-01-01 01:30:00.000	PT15M	10YAT-APG------L	CTY	AT CTY	AT	Hydro Run-of-river and poundage	4034.4	0.0	2022-02-21 14:36:49
2022-01-01 01:30:00.000	PT15M	10YAT-APG------L	CTY	AT CTY	AT	Other renewable	0.0	0.0	2022-01-01 03:52:48
2022-01-01 01:30:00.000	PT15M	10YAT-APG------L	CTY	AT CTY	AT	Hydro Pumped Storage	0.0	1345.2	2022-01-02 14:16:44
2022-01-01 01:30:00.000	PT15M	10YAT-APG------L	CTY	AT CTY	AT	Fossil Hard coal	0.0	0.0	2022-01-01 03:52:50
2022-01-01 01:30:00.000	PT15M	10YAT-APG------L	CTY	AT CTY	AT	Fossil Oil	0.0	0.0	2022-01-01 03:52:50
2022-01-01 01:30:00.000	PT15M	10YAT-APG------L	CTY	AT CTY	AT	Other	22.0	0.0	2022-01-01 03:52:51
2022-01-01 01:00:00.000	PT60M	10YNO-0--------C	CTY	NO CTY	NO	Biomass	0.0		2022-01-01 03:53:27
2022-01-01 01:00:00.000	PT60M	10YNO-0--------C	CTY	NO CTY	NO	Hydro Water Reservoir	10140.97		2022-01-01 03:53:28
2022-01-01 01:00:00.000	PT60M	10YNO-0--------C	CTY	NO CTY	NO	Other	0.0		2022-01-01 03:53:28
2022-01-01 01:00:00.000	PT60M	10YNO-0--------C	CTY	NO CTY	NO	Hydro Run-of-river and poundage	2258.9		2022-01-01 03:53:28
2022-01-01 01:00:00.000	PT60M	10YNO-0--------C	CTY	NO CTY	NO	Fossil Gas	84.4		2022-01-01 03:53:33
2022-01-01 01:00:00.000	PT60M	10YNO-0--------C	CTY	NO CTY	NO	Hydro Pumped Storage	108.86		2022-01-01 03:53:33
2022-01-01 01:45:00.000	PT15M	10Y1001A1001A83F	CTY	DE CTY	DE	Biomass	4273.11		2022-01-01 03:53:47
2022-01-01 01:45:00.000	PT15M	10Y1001A1001A83F	CTY	DE CTY	DE	Geothermal	23.46		2022-01-01 03:53:52
2022-01-01 01:45:00.000	PT15M	10Y1001A1001A83F	CTY	DE CTY	DE	Fossil Oil	279.14		2022-01-01 03:53:53
2022-01-01 01:45:00.000	PT15M	10Y1001A1001A83F	CTY	DE CTY	DE	Hydro Run-of-river and poundage	1420.29		2022-01-01 03:53:55
2022-01-01 01:45:00.000	PT15M	10Y1001A1001A83F	CTY	DE CTY	DE	Other	363.23		2022-01-01 03:53:55
2022-01-01 01:45:00.000	PT15M	10Y1001A1001A83F	CTY	DE CTY	DE	Other renewable	126.14		2022-01-01 03:53:56
2022-01-01 01:45:00.000	PT15M	10Y1001A1001A83F	CTY	DE CTY	DE	Waste	837.56		2022-01-01 03:53:57
2022-01-01 01:00:00.000	PT60M	10YNO-0--------C	CTY	NO CTY	NO	Other renewable	62.42		2022-01-01 03:54:06
2022-01-01 01:00:00.000	PT60M	10YNO-0--------C	CTY	NO CTY	NO	Waste	34.32		2022-01-01 03:54:08
2022-01-01 01:00:00.000	PT60M	10YNO-0--------C	CTY	NO CTY	NO	Wind Onshore	815.28		2022-01-01 03:54:10
2022-01-01 01:00:00.000	PT60M	10YSI-ELES-----O	CTY	SI CTY	SI	Solar	0.1		2022-01-01 03:54:31
2022-01-01 01:00:00.000	PT60M	10YSI-ELES-----O	CTY	SI CTY	SI	Hydro Run-of-river and poundage	94.43		2022-01-01 03:54:32
2022-01-01 01:00:00.000	PT60M	10YSI-ELES-----O	CTY	SI CTY	SI	Biomass	6.68		2022-01-01 03:54:33
2022-01-01 01:00:00.000	PT60M	10YSI-ELES-----O	CTY	SI CTY	SI	Hydro Pumped Storage	0.0		2022-01-01 03:54:33
2022-01-01 01:00:00.000	PT60M	10YSI-ELES-----O	CTY	SI CTY	SI	Fossil Gas	54.63		2022-01-01 03:54:34
2022-01-01 01:00:00.000	PT60M	10YSI-ELES-----O	CTY	SI CTY	SI	Nuclear	693.38		2022-01-01 03:54:34
2022-01-01 01:00:00.000	PT60M	10YSI-ELES-----O	CTY	SI CTY	SI	Wind Onshore	0.07		2022-01-01 03:54:34
2022-01-01 01:00:00.000	PT60M	10YSI-ELES-----O	CTY	SI CTY	SI	Waste	11.29		2022-01-01 03:54:34
2022-01-01 01:00:00.000	PT60M	10YSI-ELES-----O	CTY	SI CTY	SI	Fossil Brown coal/Lignite	206.87		2022-01-01 03:54:34
2022-01-01 01:00:00.000	PT60M	10YSI-ELES-----O	CTY	SI CTY	SI	Fossil Oil	0.0		2022-01-01 03:54:35
2022-01-01 01:00:00.000	PT60M	10Y1001A1001A65H	CTY	DK CTY	DK	Fossil Gas	212.31		2022-01-01 03:54:46
2022-01-01 01:00:00.000	PT60M	10Y1001A1001A65H	CTY	DK CTY	DK	Waste	168.91		2022-01-01 03:54:46
2022-01-01 01:00:00.000	PT60M	10Y1001A1001A65H	CTY	DK CTY	DK	Fossil Hard coal	331.19		2022-01-01 03:54:47
2022-01-01 01:00:00.000	PT60M	10Y1001A1001A65H	CTY	DK CTY	DK	Biomass	511.47		2022-01-01 03:54:47
2022-01-01 01:00:00.000	PT60M	10Y1001A1001A65H	CTY	DK CTY	DK	Fossil Oil	36.98		2022-01-01 03:54:47
2022-01-01 01:45:00.000	PT15M	10Y1001A1001A83F	CTY	DE CTY	DE	Hydro Water Reservoir	30.52		2022-01-01 03:54:49
2022-01-01 01:00:00.000	PT60M	10Y1001A1001A65H	CTY	DK CTY	DK	Wind Offshore	1903.71		2022-01-01 03:55:29
2022-01-01 01:00:00.000	PT60M	10Y1001A1001A65H	CTY	DK CTY	DK	Wind Onshore	1189.44		2022-01-01 03:55:30
2022-01-01 01:00:00.000	PT60M	10Y1001A1001A65H	CTY	DK CTY	DK	Solar	0.72		2022-01-01 03:55:30
2022-01-01 01:00:00.000	PT60M	10YGR-HTSO-----Y	CTY	GR CTY	GR	Solar	0.0		2022-01-01 03:55:38
2022-01-01 01:00:00.000	PT60M	10YGR-HTSO-----Y	CTY	GR CTY	GR	Wind Onshore	781.0		2022-01-01 03:55:38
2022-01-01 01:00:00.000	PT60M	10YSE-1--------K	CTY	SE CTY	SE	Wind Onshore	4021.43		2022-01-27 14:34:05
2022-01-01 01:00:00.000	PT60M	10YSE-1--------K	CTY	SE CTY	SE	Hydro Water Reservoir	7929.26		2022-01-27 14:31:07
2022-01-01 01:00:00.000	PT60M	10YSE-1--------K	CTY	SE CTY	SE	Other	1273.08		2022-01-01 03:57:42
2022-01-01 01:00:00.000	PT60M	10YSE-1--------K	CTY	SE CTY	SE	Nuclear	5839.0		2022-01-27 14:24:45
2022-01-01 01:00:00.000	PT60M	10YCH-SWISSGRIDZ	CTY	CH CTY	CH	Nuclear	3021.3		2022-01-01 05:01:22
2022-01-01 01:00:00.000	PT60M	10YCH-SWISSGRIDZ	CTY	CH CTY	CH	Hydro Run-of-river and poundage	250.13		2022-01-01 03:58:04
2022-01-01 01:00:00.000	PT60M	10YCH-SWISSGRIDZ	CTY	CH CTY	CH	Hydro Pumped Storage	57.15		2022-01-01 05:01:23
2022-01-01 01:00:00.000	PT60M	10YCH-SWISSGRIDZ	CTY	CH CTY	CH	Hydro Water Reservoir	150.8		2022-01-01 03:58:04
2022-01-01 01:45:00.000	PT15M	10YAT-APG------L	CTY	AT CTY	AT	Wind Onshore	2656.0	0.0	2022-01-01 04:32:14
2022-01-01 01:45:00.000	PT15M	10YAT-APG------L	CTY	AT CTY	AT	Solar	0.0	0.0	2022-01-01 03:58:40
2022-01-01 01:45:00.000	PT15M	10YAT-APG------L	CTY	AT CTY	AT	Other renewable	0.0	0.0	2022-01-01 03:58:40
2022-01-01 01:45:00.000	PT15M	10YAT-APG------L	CTY	AT CTY	AT	Biomass	136.0	0.0	2022-01-01 03:58:41
2022-01-01 01:45:00.000	PT15M	10YAT-APG------L	CTY	AT CTY	AT	Fossil Hard coal	0.0	0.0	2022-01-01 03:58:42
2022-01-01 01:45:00.000	PT15M	10YAT-APG------L	CTY	AT CTY	AT	Other	22.0	0.0	2022-01-01 03:58:44
2022-01-01 01:45:00.000	PT15M	10YAT-APG------L	CTY	AT CTY	AT	Hydro Water Reservoir	200.4	0.0	2022-02-21 14:36:55
2022-01-01 01:45:00.000	PT15M	10YAT-APG------L	CTY	AT CTY	AT	Fossil Gas	98.8	0.0	2022-01-04 11:08:50
2022-01-01 01:45:00.000	PT15M	10YAT-APG------L	CTY	AT CTY	AT	Hydro Pumped Storage	0.0	1356.8	2022-01-02 14:16:44
2022-01-01 01:45:00.000	PT15M	10YAT-APG------L	CTY	AT CTY	AT	Fossil Oil	0.0	0.0	2022-01-01 03:58:48
2022-01-01 01:45:00.000	PT15M	10YAT-APG------L	CTY	AT CTY	AT	Hydro Run-of-river and poundage	4046.4	0.0	2022-02-21 14:36:49
2022-01-01 01:45:00.000	PT15M	10YAT-APG------L	CTY	AT CTY	AT	Waste	100.0	0.0	2022-01-01 03:58:48
2022-01-01 01:45:00.000	PT15M	10YAT-APG------L	CTY	AT CTY	AT	Geothermal	0.07	0.0	2022-01-01 03:58:50
2022-01-01 01:00:00.000	PT60M	10YCS-SERBIATSOV	CTY	RS CTY	RS	Other	30.0		2022-01-01 03:58:59
2022-01-01 01:00:00.000	PT60M	10YCS-SERBIATSOV	CTY	RS CTY	RS	Fossil Gas	102.0		2022-01-01 03:58:59
2022-01-01 01:00:00.000	PT60M	10YCS-SERBIATSOV	CTY	RS CTY	RS	Hydro Water Reservoir	0.0		2022-01-01 03:58:59
2022-01-01 01:00:00.000	PT60M	10YCS-SERBIATSOV	CTY	RS CTY	RS	Hydro Pumped Storage	0.0		2022-01-01 03:58:59
2022-01-01 01:00:00.000	PT60M	10YCS-SERBIATSOV	CTY	RS CTY	RS	Biomass	27.0		2022-01-01 03:58:59
2022-01-01 01:00:00.000	PT60M	10YCS-SERBIATSOV	CTY	RS CTY	RS	Hydro Run-of-river and poundage	1051.0		2022-01-01 09:03:06
2022-01-01 01:00:00.000	PT60M	10YCS-SERBIATSOV	CTY	RS CTY	RS	Fossil Brown coal/Lignite	2025.0		2022-01-01 07:03:19
2022-01-01 01:00:00.000	PT60M	10YBE----------2	CTY	BE CTY	BE	Solar	0.0		2022-01-01 04:01:48
2022-01-01 01:00:00.000	PT60M	10YBE----------2	CTY	BE CTY	BE	Hydro Run-of-river and poundage	6.37		2022-02-03 16:28:18
2022-01-01 01:00:00.000	PT60M	10YBE----------2	CTY	BE CTY	BE	Fossil Gas	1035.95		2022-01-14 13:46:02
2022-01-01 01:00:00.000	PT60M	10YBE----------2	CTY	BE CTY	BE	Hydro Pumped Storage		890.91	2022-01-04 16:22:16
2022-01-01 01:00:00.000	PT60M	10YBE----------2	CTY	BE CTY	BE	Biomass	213.48		2022-01-04 16:22:16
2022-01-01 01:00:00.000	PT60M	10YBE----------2	CTY	BE CTY	BE	Waste	255.36		2022-01-04 16:22:15
2022-01-01 01:00:00.000	PT60M	10YBE----------2	CTY	BE CTY	BE	Fossil Oil	0.0		2022-02-04 08:49:02
2022-01-01 01:00:00.000	PT60M	10YBE----------2	CTY	BE CTY	BE	Nuclear	5967.73		2022-01-04 16:22:15
2022-01-01 01:00:00.000	PT60M	10YCA-BULGARIA-R	CTY	BG CTY	BG	Fossil Gas	481.0		2022-01-04 11:32:22
2022-01-01 01:00:00.000	PT60M	10YCA-BULGARIA-R	CTY	BG CTY	BG	Hydro Run-of-river and poundage	130.0		2022-01-04 11:31:48
2022-01-01 01:00:00.000	PT60M	10YCA-BULGARIA-R	CTY	BG CTY	BG	Hydro Pumped Storage	0.0		2022-01-01 04:22:30
2022-01-01 01:00:00.000	PT60M	10YCA-BULGARIA-R	CTY	BG CTY	BG	Solar	0.0		2022-01-01 04:22:31
2022-01-01 01:00:00.000	PT60M	10YCA-BULGARIA-R	CTY	BG CTY	BG	Hydro Water Reservoir	8.0		2022-01-01 04:22:31
2022-01-01 01:00:00.000	PT60M	10YCA-BULGARIA-R	CTY	BG CTY	BG	Fossil Brown coal/Lignite	2494.0		2022-01-01 20:05:22
2022-01-01 01:00:00.000	PT60M	10YCA-BULGARIA-R	CTY	BG CTY	BG	Fossil Hard coal	58.0		2022-01-01 04:22:32
2022-01-01 01:00:00.000	PT60M	10YCA-BULGARIA-R	CTY	BG CTY	BG	Waste	4.0		2022-01-01 04:22:32
2022-01-01 01:00:00.000	PT60M	10YCA-BULGARIA-R	CTY	BG CTY	BG	Wind Onshore	212.0		2022-01-04 11:31:56
2022-01-01 01:00:00.000	PT60M	10YCA-BULGARIA-R	CTY	BG CTY	BG	Biomass	34.0		2022-01-04 11:31:57
2022-01-01 01:00:00.000	PT60M	10YCA-BULGARIA-R	CTY	BG CTY	BG	Nuclear	2168.0		2022-01-01 20:05:24
2022-01-01 01:00:00.000	PT60M	10YBE----------2	CTY	BE CTY	BE	Wind Onshore	339.34		2022-01-01 04:23:49
2022-01-01 01:00:00.000	PT60M	10YBE----------2	CTY	BE CTY	BE	Wind Offshore	1424.02		2022-02-20 04:21:26
2022-01-01 01:00:00.000	PT60M	10Y1001C--00100H	CTY	XK CTY	XK	Fossil Brown coal/Lignite	514.21		2022-01-01 04:26:22
2022-01-01 01:00:00.000	PT60M	10Y1001C--00100H	CTY	XK CTY	XK	Hydro Run-of-river and poundage	1.23		2022-01-01 04:26:22
2022-01-01 01:00:00.000	PT60M	10Y1001C--00100H	CTY	XK CTY	XK	Wind Onshore	20.03		2022-01-01 04:26:22
2022-01-01 01:00:00.000	PT60M	10YGR-HTSO-----Y	CTY	GR CTY	GR	Fossil Gas	679.0		2022-01-01 06:01:42
2022-01-01 01:00:00.000	PT60M	10YGR-HTSO-----Y	CTY	GR CTY	GR	Fossil Brown coal/Lignite	352.0		2022-01-01 06:01:43
2022-01-01 01:00:00.000	PT60M	10YGR-HTSO-----Y	CTY	GR CTY	GR	Fossil Oil	0.0		2022-01-01 06:01:43
2022-01-01 01:00:00.000	PT15M	10YNL----------L	CTY	NL CTY	NL	Waste	400.46	0.25	2022-01-29 03:02:14
2022-01-01 01:15:00.000	PT15M	10YNL----------L	CTY	NL CTY	NL	Waste	408.58	0.25	2022-01-29 03:19:20
2022-01-01 01:30:00.000	PT15M	10YNL----------L	CTY	NL CTY	NL	Waste	411.85	0.37	2022-01-29 03:31:20
2022-01-01 01:45:00.000	PT15M	10YNL----------L	CTY	NL CTY	NL	Waste	410.01	0.13	2022-01-29 03:48:44
2022-01-01 01:00:00.000	PT15M	10YNL----------L	CTY	NL CTY	NL	Nuclear	485.42	0.0	2022-01-29 03:02:14
2022-01-01 01:15:00.000	PT15M	10YNL----------L	CTY	NL CTY	NL	Nuclear	485.4	0.0	2022-01-29 03:19:14
2022-01-01 01:30:00.000	PT15M	10YNL----------L	CTY	NL CTY	NL	Nuclear	485.35	0.0	2022-01-29 03:31:22
2022-01-01 01:45:00.000	PT15M	10YNL----------L	CTY	NL CTY	NL	Nuclear	485.31	0.0	2022-01-29 03:48:48
2022-01-01 01:00:00.000	PT15M	10YNL----------L	CTY	NL CTY	NL	Fossil Hard coal	2178.78	1.22	2022-01-29 03:02:13
2022-01-01 01:15:00.000	PT15M	10YNL----------L	CTY	NL CTY	NL	Fossil Hard coal	2106.69	1.5	2022-01-29 03:19:17
2022-01-01 01:30:00.000	PT15M	10YNL----------L	CTY	NL CTY	NL	Fossil Hard coal	2091.7	1.5	2022-01-29 03:31:31
2022-01-01 01:45:00.000	PT15M	10YNL----------L	CTY	NL CTY	NL	Fossil Hard coal	2061.64	1.61	2022-01-29 03:48:51
2022-01-01 01:00:00.000	PT15M	10YNL----------L	CTY	NL CTY	NL	Wind Onshore	1266.95	0.03	2022-01-29 03:02:17
2022-01-01 01:15:00.000	PT15M	10YNL----------L	CTY	NL CTY	NL	Wind Onshore	1250.21	0.02	2022-01-29 03:19:17
2022-01-01 01:30:00.000	PT15M	10YNL----------L	CTY	NL CTY	NL	Wind Onshore	1287.09	0.01	2022-01-29 03:31:24
2022-01-01 01:45:00.000	PT15M	10YNL----------L	CTY	NL CTY	NL	Wind Onshore	1342.35	0.03	2022-01-29 03:48:49
2022-01-01 01:00:00.000	PT15M	10YNL----------L	CTY	NL CTY	NL	Hydro Run-of-river and poundage	0.0	0.0	2022-01-03 19:19:00
2022-01-01 01:15:00.000	PT15M	10YNL----------L	CTY	NL CTY	NL	Hydro Run-of-river and poundage	0.0	0.0	2022-01-03 19:19:00
2022-01-01 01:30:00.000	PT15M	10YNL----------L	CTY	NL CTY	NL	Hydro Run-of-river and poundage	0.0	0.0	2022-01-03 19:19:00
2022-01-01 01:45:00.000	PT15M	10YNL----------L	CTY	NL CTY	NL	Hydro Run-of-river and poundage	0.0	0.0	2022-01-03 19:19:00
2022-01-01 01:00:00.000	PT15M	10YNL----------L	CTY	NL CTY	NL	Fossil Gas	1928.99	259.4	2022-01-29 03:02:16
2022-01-01 01:15:00.000	PT15M	10YNL----------L	CTY	NL CTY	NL	Fossil Gas	2037.51	258.75	2022-01-29 03:19:14
2022-01-01 01:30:00.000	PT15M	10YNL----------L	CTY	NL CTY	NL	Fossil Gas	1994.31	259.01	2022-01-29 03:31:23
2022-01-01 01:45:00.000	PT15M	10YNL----------L	CTY	NL CTY	NL	Fossil Gas	1863.59	258.22	2022-01-29 03:48:50
2022-01-01 01:00:00.000	PT15M	10YNL----------L	CTY	NL CTY	NL	Wind Offshore	1524.14	9.22	2022-01-29 03:02:15
2022-01-01 01:15:00.000	PT15M	10YNL----------L	CTY	NL CTY	NL	Wind Offshore	1399.71	10.12	2022-01-29 03:19:19
2022-01-01 01:30:00.000	PT15M	10YNL----------L	CTY	NL CTY	NL	Wind Offshore	1412.18	10.23	2022-01-29 03:31:34
2022-01-01 01:45:00.000	PT15M	10YNL----------L	CTY	NL CTY	NL	Wind Offshore	1380.76	7.5	2022-01-29 03:48:48
2022-01-01 01:00:00.000	PT15M	10YNL----------L	CTY	NL CTY	NL	Biomass	20.98	0.0	2022-01-29 03:02:16
2022-01-01 01:15:00.000	PT15M	10YNL----------L	CTY	NL CTY	NL	Biomass	21.94	0.0	2022-01-29 03:19:23
2022-01-01 01:30:00.000	PT15M	10YNL----------L	CTY	NL CTY	NL	Biomass	21.45	0.0	2022-01-29 03:31:22
2022-01-01 01:45:00.000	PT15M	10YNL----------L	CTY	NL CTY	NL	Biomass	21.45	0.0	2022-01-29 03:48:53
2022-01-01 01:00:00.000	PT15M	10YNL----------L	CTY	NL CTY	NL	Solar	0.0	0.7	2022-01-29 03:02:12
2022-01-01 01:15:00.000	PT15M	10YNL----------L	CTY	NL CTY	NL	Solar	0.0	0.74	2022-01-29 03:19:18
2022-01-01 01:30:00.000	PT15M	10YNL----------L	CTY	NL CTY	NL	Solar	0.0	0.72	2022-01-29 03:31:34
2022-01-01 01:45:00.000	PT15M	10YNL----------L	CTY	NL CTY	NL	Solar	0.0	0.74	2022-01-29 03:48:53
2022-01-01 01:00:00.000	PT60M	10YHR-HEP------M	CTY	HR CTY	HR	Hydro Water Reservoir	811.3		2022-01-01 11:49:15
2022-01-01 01:00:00.000	PT60M	10YHR-HEP------M	CTY	HR CTY	HR	Geothermal	10.0		2022-01-01 11:49:15
2022-01-01 01:00:00.000	PT60M	10YHR-HEP------M	CTY	HR CTY	HR	Hydro Run-of-river and poundage	120.5		2022-01-01 11:49:15
2022-01-01 01:00:00.000	PT60M	10YHR-HEP------M	CTY	HR CTY	HR	Fossil Hard coal	142.7		2022-01-01 11:49:15
2022-01-01 01:00:00.000	PT60M	10YHR-HEP------M	CTY	HR CTY	HR	Wind Onshore	51.3		2022-01-01 11:49:16
2022-01-01 01:00:00.000	PT60M	10YHR-HEP------M	CTY	HR CTY	HR	Biomass	79.0		2022-01-01 11:49:16
2022-01-01 01:00:00.000	PT60M	10YHR-HEP------M	CTY	HR CTY	HR	Waste	4.0		2022-01-01 11:49:16
2022-01-01 01:00:00.000	PT60M	10YHR-HEP------M	CTY	HR CTY	HR	Hydro Pumped Storage	0.0	115.3	2022-01-01 11:49:16
2022-01-01 01:00:00.000	PT60M	10YHR-HEP------M	CTY	HR CTY	HR	Fossil Gas	226.3		2022-01-01 11:49:17
2022-01-01 01:00:00.000	PT60M	10YHR-HEP------M	CTY	HR CTY	HR	Other renewable	42.0		2022-01-01 11:49:17
2022-01-01 01:00:00.000	PT60M	10YHR-HEP------M	CTY	HR CTY	HR	Solar	0.0		2022-01-01 11:49:17
2022-01-01 01:00:00.000	PT60M	10YHR-HEP------M	CTY	HR CTY	HR	Fossil Oil	0.0		2022-01-01 11:49:17
2022-01-01 01:00:00.000	PT30M	10YIE-1001A00010	CTY	IE CTY	IE	Hydro Pumped Storage	0.0	150.45	2022-01-12 03:01:00
2022-01-01 01:30:00.000	PT30M	10YIE-1001A00010	CTY	IE CTY	IE	Hydro Pumped Storage	0.0	302.81	2022-01-12 03:01:00
2022-01-01 01:00:00.000	PT30M	10YIE-1001A00010	CTY	IE CTY	IE	Fossil Peat	50.42	0.01	2022-01-12 03:01:00
2022-01-01 01:30:00.000	PT30M	10YIE-1001A00010	CTY	IE CTY	IE	Fossil Peat	50.28	0.01	2022-01-12 03:01:00
2022-01-01 01:00:00.000	PT30M	10YIE-1001A00010	CTY	IE CTY	IE	Wind Onshore	2550.34		2022-01-12 03:01:00
2022-01-01 01:30:00.000	PT30M	10YIE-1001A00010	CTY	IE CTY	IE	Wind Onshore	2573.71		2022-01-12 03:01:00
2022-01-01 01:00:00.000	PT30M	10YIE-1001A00010	CTY	IE CTY	IE	Fossil Oil	0.03	4.7	2022-01-12 03:01:01
2022-01-01 01:30:00.000	PT30M	10YIE-1001A00010	CTY	IE CTY	IE	Fossil Oil	0.03	4.03	2022-01-12 03:01:01
2022-01-01 01:00:00.000	PT30M	10YIE-1001A00010	CTY	IE CTY	IE	Fossil Hard coal	207.63	4.58	2022-01-12 03:01:02
2022-01-01 01:30:00.000	PT30M	10YIE-1001A00010	CTY	IE CTY	IE	Fossil Hard coal	203.5	4.35	2022-01-12 03:01:02
2022-01-01 01:00:00.000	PT30M	10YIE-1001A00010	CTY	IE CTY	IE	Other	0.0	0.66	2022-01-12 03:01:02
2022-01-01 01:30:00.000	PT30M	10YIE-1001A00010	CTY	IE CTY	IE	Other	0.0	0.66	2022-01-12 03:01:02
2022-01-01 01:00:00.000	PT30M	10YIE-1001A00010	CTY	IE CTY	IE	Fossil Gas	363.94	4.24	2022-01-12 03:01:02
2022-01-01 01:30:00.000	PT30M	10YIE-1001A00010	CTY	IE CTY	IE	Fossil Gas	352.41	4.58	2022-01-12 03:01:02
2022-01-01 01:00:00.000	PT30M	10YIE-1001A00010	CTY	IE CTY	IE	Hydro Run-of-river and poundage	156.76	0.0	2022-01-12 03:01:03
2022-01-01 01:30:00.000	PT30M	10YIE-1001A00010	CTY	IE CTY	IE	Hydro Run-of-river and poundage	156.76	0.0	2022-01-12 03:01:03
2022-01-01 01:00:00.000	PT60M	10YCH-SWISSGRIDZ	CTY	CH CTY	CH	Wind Onshore	14.59		2022-02-10 12:03:35
2022-01-01 01:00:00.000	PT60M	10YCH-SWISSGRIDZ	CTY	CH CTY	CH	Solar	0.0		2022-01-02 11:32:29
2022-01-01 01:00:00.000	PT60M	10YBE----------2	CTY	BE CTY	BE	Other	477.15		2022-01-12 08:54:13
2022-01-01 01:00:00.000	PT60M	10YIT-GRTN-----B	CTY	IT CTY	IT	Biomass	683.0		2022-01-28 10:51:34
2022-01-01 01:00:00.000	PT60M	10YIT-GRTN-----B	CTY	IT CTY	IT	Fossil Gas	5559.0		2022-02-10 09:41:03
2022-01-01 01:00:00.000	PT60M	10YIT-GRTN-----B	CTY	IT CTY	IT	Waste	36.0		2022-01-28 10:51:37
2022-01-01 01:00:00.000	PT60M	10YIT-GRTN-----B	CTY	IT CTY	IT	Hydro Pumped Storage	0.0	131.0	2022-01-28 10:51:37
2022-01-01 01:00:00.000	PT60M	10YIT-GRTN-----B	CTY	IT CTY	IT	Fossil Hard coal	1372.0		2022-01-28 10:51:38
2022-01-01 01:00:00.000	PT60M	10YIT-GRTN-----B	CTY	IT CTY	IT	Fossil Oil	268.0		2022-01-28 10:51:38
2022-01-01 01:00:00.000	PT60M	10YIT-GRTN-----B	CTY	IT CTY	IT	Hydro Run-of-river and poundage	1951.0		2022-01-28 10:51:39
2022-01-01 01:00:00.000	PT60M	10YIT-GRTN-----B	CTY	IT CTY	IT	Geothermal	640.0		2022-01-28 10:51:39
2022-01-01 01:00:00.000	PT60M	10YIT-GRTN-----B	CTY	IT CTY	IT	Wind Onshore	2140.0		2022-01-28 10:51:41
2022-01-01 01:00:00.000	PT60M	10YIT-GRTN-----B	CTY	IT CTY	IT	Fossil Coal-derived gas	532.0		2022-01-28 10:51:49
2022-01-01 01:00:00.000	PT60M	10YIT-GRTN-----B	CTY	IT CTY	IT	Solar	0.0		2022-01-28 10:51:55
2022-01-01 01:00:00.000	PT60M	10YIT-GRTN-----B	CTY	IT CTY	IT	Other	1390.0		2022-01-28 10:52:59
2022-01-01 01:00:00.000	PT60M	10YIT-GRTN-----B	CTY	IT CTY	IT	Hydro Water Reservoir	200.0		2022-02-15 15:17:54
